,AGITATOR_SPEED,SEED_CRYSTAL_MASS,YIELD,GROWTH_RATE,MEAN_DIAMETER
0,210,0.0,187.71894599999993,7.119031800000002e-08,225.03624999999997
1,210,0.2,187.71894599999993,7.119031800000002e-08,225.03624999999997
2,210,0.4,187.71894599999993,7.119031800000002e-08,225.03624999999997
3,210,0.6000000000000001,198.285085,7.062567600000006e-08,219.70550999999986
4,210,0.8,198.285085,7.062567600000006e-08,219.70550999999986
5,210,1.0,198.285085,7.062567600000006e-08,219.70550999999986
6,210,1.2000000000000002,198.36660500000005,6.970561600000004e-08,215.6758099999998
7,210,1.4000000000000001,198.36660500000005,6.970561600000004e-08,215.6758099999998
8,210,1.6,181.68827800000025,5.995790199999994e-08,192.821363335
9,210,1.8,181.68827800000025,5.995790199999994e-08,192.821363335
10,210,2.0,181.68827800000025,5.995790199999994e-08,192.821363335
11,215,0.0,187.71894599999993,7.119031800000002e-08,225.03624999999997
12,215,0.2,187.71894599999993,7.119031800000002e-08,225.03624999999997
13,215,0.4,187.71894599999993,7.119031800000002e-08,225.03624999999997
14,215,0.6000000000000001,198.285085,7.062567600000006e-08,219.70550999999986
15,215,0.8,198.285085,7.062567600000006e-08,219.70550999999986
16,215,1.0,198.285085,7.062567600000006e-08,219.70550999999986
17,215,1.2000000000000002,198.36660500000005,6.970561600000004e-08,215.6758099999998
18,215,1.4000000000000001,198.36660500000005,6.970561600000004e-08,215.6758099999998
19,215,1.6,181.68827800000025,5.995790199999994e-08,192.821363335
20,215,1.8,181.68827800000025,5.995790199999994e-08,192.821363335
21,215,2.0,181.68827800000025,5.995790199999994e-08,192.821363335
22,220,0.0,187.71894599999993,7.119031800000002e-08,225.03624999999997
23,220,0.2,187.71894599999993,7.119031800000002e-08,225.03624999999997
24,220,0.4,187.71894599999993,7.119031800000002e-08,225.03624999999997
25,220,0.6000000000000001,198.285085,7.062567600000006e-08,219.70550999999986
26,220,0.8,198.285085,7.062567600000006e-08,219.70550999999986
27,220,1.0,198.285085,7.062567600000006e-08,219.70550999999986
28,220,1.2000000000000002,198.36660500000005,6.970561600000004e-08,215.6758099999998
29,220,1.4000000000000001,198.36660500000005,6.970561600000004e-08,215.6758099999998
30,220,1.6,181.68827800000025,5.995790199999994e-08,192.821363335
31,220,1.8,181.68827800000025,5.995790199999994e-08,192.821363335
32,220,2.0,181.68827800000025,5.995790199999994e-08,192.821363335
33,225,0.0,187.71894599999993,7.119031800000002e-08,225.03624999999997
34,225,0.2,187.71894599999993,7.119031800000002e-08,225.03624999999997
35,225,0.4,187.71894599999993,7.119031800000002e-08,225.03624999999997
36,225,0.6000000000000001,198.285085,7.062567600000006e-08,219.70550999999986
37,225,0.8,198.285085,7.062567600000006e-08,219.70550999999986
38,225,1.0,198.285085,7.062567600000006e-08,219.70550999999986
39,225,1.2000000000000002,198.36660500000005,6.970561600000004e-08,215.6758099999998
40,225,1.4000000000000001,198.36660500000005,6.970561600000004e-08,215.6758099999998
41,225,1.6,181.68827800000025,5.995790199999994e-08,192.821363335
42,225,1.8,181.68827800000025,5.995790199999994e-08,192.821363335
43,225,2.0,181.68827800000025,5.995790199999994e-08,192.821363335
44,230,0.0,187.71894599999993,7.119031800000002e-08,225.03624999999997
45,230,0.2,187.71894599999993,7.119031800000002e-08,225.03624999999997
46,230,0.4,187.71894599999993,7.119031800000002e-08,225.03624999999997
47,230,0.6000000000000001,198.285085,7.062567600000006e-08,219.70550999999986
48,230,0.8,198.285085,7.062567600000006e-08,219.70550999999986
49,230,1.0,198.285085,7.062567600000006e-08,219.70550999999986
50,230,1.2000000000000002,198.36660500000005,6.970561600000004e-08,215.6758099999998
51,230,1.4000000000000001,198.36660500000005,6.970561600000004e-08,215.6758099999998
52,230,1.6,181.68827800000025,5.995790199999994e-08,192.821363335
53,230,1.8,181.68827800000025,5.995790199999994e-08,192.821363335
54,230,2.0,181.68827800000025,5.995790199999994e-08,192.821363335
55,235,0.0,187.71894599999993,7.119031800000002e-08,225.03624999999997
56,235,0.2,187.71894599999993,7.119031800000002e-08,225.03624999999997
57,235,0.4,187.71894599999993,7.119031800000002e-08,225.03624999999997
58,235,0.6000000000000001,198.285085,7.062567600000006e-08,219.70550999999986
59,235,0.8,198.285085,7.062567600000006e-08,219.70550999999986
60,235,1.0,198.285085,7.062567600000006e-08,219.70550999999986
61,235,1.2000000000000002,198.36660500000005,6.970561600000004e-08,215.6758099999998
62,235,1.4000000000000001,198.36660500000005,6.970561600000004e-08,215.6758099999998
63,235,1.6,181.68827800000025,5.995790199999994e-08,192.821363335
64,235,1.8,181.68827800000025,5.995790199999994e-08,192.821363335
65,235,2.0,181.68827800000025,5.995790199999994e-08,192.821363335
66,240,0.0,187.71894599999993,7.119031800000002e-08,225.03624999999997
67,240,0.2,187.71894599999993,7.119031800000002e-08,225.03624999999997
68,240,0.4,187.71894599999993,7.119031800000002e-08,225.03624999999997
69,240,0.6000000000000001,198.285085,7.062567600000006e-08,219.70550999999986
70,240,0.8,198.285085,7.062567600000006e-08,219.70550999999986
71,240,1.0,198.285085,7.062567600000006e-08,219.70550999999986
72,240,1.2000000000000002,198.36660500000005,6.970561600000004e-08,215.6758099999998
73,240,1.4000000000000001,198.36660500000005,6.970561600000004e-08,215.6758099999998
74,240,1.6,181.68827800000025,5.995790199999994e-08,192.821363335
75,240,1.8,181.68827800000025,5.995790199999994e-08,192.821363335
76,240,2.0,181.68827800000025,5.995790199999994e-08,192.821363335
77,245,0.0,187.71894599999993,7.119031800000002e-08,225.03624999999997
78,245,0.2,187.71894599999993,7.119031800000002e-08,225.03624999999997
79,245,0.4,187.71894599999993,7.119031800000002e-08,225.03624999999997
80,245,0.6000000000000001,198.285085,7.062567600000006e-08,219.70550999999986
81,245,0.8,198.285085,7.062567600000006e-08,219.70550999999986
82,245,1.0,198.285085,7.062567600000006e-08,219.70550999999986
83,245,1.2000000000000002,198.36660500000005,6.970561600000004e-08,215.6758099999998
84,245,1.4000000000000001,198.36660500000005,6.970561600000004e-08,215.6758099999998
85,245,1.6,181.68827800000025,5.995790199999994e-08,192.821363335
86,245,1.8,181.68827800000025,5.995790199999994e-08,192.821363335
87,245,2.0,181.68827800000025,5.995790199999994e-08,192.821363335
88,250,0.0,187.71894599999993,7.119031800000002e-08,225.03624999999997
89,250,0.2,187.71894599999993,7.119031800000002e-08,225.03624999999997
90,250,0.4,187.71894599999993,7.119031800000002e-08,225.03624999999997
91,250,0.6000000000000001,198.285085,7.062567600000006e-08,219.70550999999986
92,250,0.8,198.285085,7.062567600000006e-08,219.70550999999986
93,250,1.0,198.285085,7.062567600000006e-08,219.70550999999986
94,250,1.2000000000000002,198.36660500000005,6.970561600000004e-08,215.6758099999998
95,250,1.4000000000000001,198.36660500000005,6.970561600000004e-08,215.6758099999998
96,250,1.6,181.68827800000025,5.995790199999994e-08,192.821363335
97,250,1.8,181.68827800000025,5.995790199999994e-08,192.821363335
98,250,2.0,181.68827800000025,5.995790199999994e-08,192.821363335
99,255,0.0,187.71894599999993,7.119031800000002e-08,225.03624999999997
100,255,0.2,187.71894599999993,7.119031800000002e-08,225.03624999999997
101,255,0.4,187.71894599999993,7.119031800000002e-08,225.03624999999997
102,255,0.6000000000000001,198.285085,7.062567600000006e-08,219.70550999999986
103,255,0.8,198.285085,7.062567600000006e-08,219.70550999999986
104,255,1.0,198.285085,7.062567600000006e-08,219.70550999999986
105,255,1.2000000000000002,198.36660500000005,6.970561600000004e-08,215.6758099999998
106,255,1.4000000000000001,198.36660500000005,6.970561600000004e-08,215.6758099999998
107,255,1.6,181.68827800000025,5.995790199999994e-08,192.821363335
108,255,1.8,181.68827800000025,5.995790199999994e-08,192.821363335
109,255,2.0,181.68827800000025,5.995790199999994e-08,192.821363335
110,260,0.0,187.71894599999993,7.119031800000002e-08,225.03624999999997
111,260,0.2,187.71894599999993,7.119031800000002e-08,225.03624999999997
112,260,0.4,187.71894599999993,7.119031800000002e-08,225.03624999999997
113,260,0.6000000000000001,198.285085,7.062567600000006e-08,219.70550999999986
114,260,0.8,198.285085,7.062567600000006e-08,219.70550999999986
115,260,1.0,198.285085,7.062567600000006e-08,219.70550999999986
116,260,1.2000000000000002,198.36660500000005,6.970561600000004e-08,215.6758099999998
117,260,1.4000000000000001,198.36660500000005,6.970561600000004e-08,215.6758099999998
118,260,1.6,181.68827800000025,5.995790199999994e-08,192.821363335
119,260,1.8,181.68827800000025,5.995790199999994e-08,192.821363335
120,260,2.0,181.68827800000025,5.995790199999994e-08,192.821363335
121,265,0.0,187.71894599999993,7.119031800000002e-08,225.03624999999997
122,265,0.2,187.71894599999993,7.119031800000002e-08,225.03624999999997
123,265,0.4,187.71894599999993,7.119031800000002e-08,225.03624999999997
124,265,0.6000000000000001,198.285085,7.062567600000006e-08,219.70550999999986
125,265,0.8,198.285085,7.062567600000006e-08,219.70550999999986
126,265,1.0,198.285085,7.062567600000006e-08,219.70550999999986
127,265,1.2000000000000002,198.36660500000005,6.970561600000004e-08,215.6758099999998
128,265,1.4000000000000001,198.36660500000005,6.970561600000004e-08,215.6758099999998
129,265,1.6,181.68827800000025,5.995790199999994e-08,192.821363335
130,265,1.8,181.68827800000025,5.995790199999994e-08,192.821363335
131,265,2.0,181.68827800000025,5.995790199999994e-08,192.821363335
132,270,0.0,187.71894599999993,7.119031800000002e-08,225.03624999999997
133,270,0.2,187.71894599999993,7.119031800000002e-08,225.03624999999997
134,270,0.4,187.71894599999993,7.119031800000002e-08,225.03624999999997
135,270,0.6000000000000001,198.285085,7.062567600000006e-08,219.70550999999986
136,270,0.8,198.285085,7.062567600000006e-08,219.70550999999986
137,270,1.0,198.285085,7.062567600000006e-08,219.70550999999986
138,270,1.2000000000000002,198.36660500000005,6.970561600000004e-08,215.6758099999998
139,270,1.4000000000000001,198.36660500000005,6.970561600000004e-08,215.6758099999998
140,270,1.6,181.68827800000025,5.995790199999994e-08,192.821363335
141,270,1.8,181.68827800000025,5.995790199999994e-08,192.821363335
142,270,2.0,181.68827800000025,5.995790199999994e-08,192.821363335
143,275,0.0,187.71894599999993,7.119031800000002e-08,225.03624999999997
144,275,0.2,187.71894599999993,7.119031800000002e-08,225.03624999999997
145,275,0.4,187.71894599999993,7.119031800000002e-08,225.03624999999997
146,275,0.6000000000000001,198.285085,7.062567600000006e-08,219.70550999999986
147,275,0.8,198.285085,7.062567600000006e-08,219.70550999999986
148,275,1.0,198.285085,7.062567600000006e-08,219.70550999999986
149,275,1.2000000000000002,198.36660500000005,6.970561600000004e-08,215.6758099999998
150,275,1.4000000000000001,198.36660500000005,6.970561600000004e-08,215.6758099999998
151,275,1.6,181.68827800000025,5.995790199999994e-08,192.821363335
152,275,1.8,181.68827800000025,5.995790199999994e-08,192.821363335
153,275,2.0,181.68827800000025,5.995790199999994e-08,192.821363335
154,280,0.0,187.71894599999993,7.119031800000002e-08,225.03624999999997
155,280,0.2,187.71894599999993,7.119031800000002e-08,225.03624999999997
156,280,0.4,187.71894599999993,7.119031800000002e-08,225.03624999999997
157,280,0.6000000000000001,198.285085,7.062567600000006e-08,219.70550999999986
158,280,0.8,198.285085,7.062567600000006e-08,219.70550999999986
159,280,1.0,198.285085,7.062567600000006e-08,219.70550999999986
160,280,1.2000000000000002,198.36660500000005,6.970561600000004e-08,215.6758099999998
161,280,1.4000000000000001,198.36660500000005,6.970561600000004e-08,215.6758099999998
162,280,1.6,181.68827800000025,5.995790199999994e-08,192.821363335
163,280,1.8,181.68827800000025,5.995790199999994e-08,192.821363335
164,280,2.0,181.68827800000025,5.995790199999994e-08,192.821363335
165,285,0.0,187.71894599999993,7.119031800000002e-08,225.03624999999997
166,285,0.2,187.71894599999993,7.119031800000002e-08,225.03624999999997
167,285,0.4,187.71894599999993,7.119031800000002e-08,225.03624999999997
168,285,0.6000000000000001,198.285085,7.062567600000006e-08,219.70550999999986
169,285,0.8,198.285085,7.062567600000006e-08,219.70550999999986
170,285,1.0,198.285085,7.062567600000006e-08,219.70550999999986
171,285,1.2000000000000002,198.36660500000005,6.970561600000004e-08,215.6758099999998
172,285,1.4000000000000001,198.36660500000005,6.970561600000004e-08,215.6758099999998
173,285,1.6,181.68827800000025,5.995790199999994e-08,192.821363335
174,285,1.8,181.68827800000025,5.995790199999994e-08,192.821363335
175,285,2.0,181.68827800000025,5.995790199999994e-08,192.821363335
176,290,0.0,187.71894599999993,7.119031800000002e-08,225.03624999999997
177,290,0.2,187.71894599999993,7.119031800000002e-08,225.03624999999997
178,290,0.4,187.71894599999993,7.119031800000002e-08,225.03624999999997
179,290,0.6000000000000001,198.285085,7.062567600000006e-08,219.70550999999986
180,290,0.8,198.285085,7.062567600000006e-08,219.70550999999986
181,290,1.0,198.285085,7.062567600000006e-08,219.70550999999986
182,290,1.2000000000000002,198.36660500000005,6.970561600000004e-08,215.6758099999998
183,290,1.4000000000000001,198.36660500000005,6.970561600000004e-08,215.6758099999998
184,290,1.6,181.68827800000025,5.995790199999994e-08,192.821363335
185,290,1.8,181.68827800000025,5.995790199999994e-08,192.821363335
186,290,2.0,181.68827800000025,5.995790199999994e-08,192.821363335
187,295,0.0,187.71894599999993,7.119031800000002e-08,225.03624999999997
188,295,0.2,187.71894599999993,7.119031800000002e-08,225.03624999999997
189,295,0.4,187.71894599999993,7.119031800000002e-08,225.03624999999997
190,295,0.6000000000000001,198.285085,7.062567600000006e-08,219.70550999999986
191,295,0.8,198.285085,7.062567600000006e-08,219.70550999999986
192,295,1.0,198.285085,7.062567600000006e-08,219.70550999999986
193,295,1.2000000000000002,198.36660500000005,6.970561600000004e-08,215.6758099999998
194,295,1.4000000000000001,198.36660500000005,6.970561600000004e-08,215.6758099999998
195,295,1.6,181.68827800000025,5.995790199999994e-08,192.821363335
196,295,1.8,181.68827800000025,5.995790199999994e-08,192.821363335
197,295,2.0,181.68827800000025,5.995790199999994e-08,192.821363335
198,300,0.0,187.71894599999993,7.119031800000002e-08,225.03624999999997
199,300,0.2,187.71894599999993,7.119031800000002e-08,225.03624999999997
200,300,0.4,187.71894599999993,7.119031800000002e-08,225.03624999999997
201,300,0.6000000000000001,198.285085,7.062567600000006e-08,219.70550999999986
202,300,0.8,198.285085,7.062567600000006e-08,219.70550999999986
203,300,1.0,198.285085,7.062567600000006e-08,219.70550999999986
204,300,1.2000000000000002,198.36660500000005,6.970561600000004e-08,215.6758099999998
205,300,1.4000000000000001,198.36660500000005,6.970561600000004e-08,215.6758099999998
206,300,1.6,181.68827800000025,5.995790199999994e-08,192.821363335
207,300,1.8,181.68827800000025,5.995790199999994e-08,192.821363335
208,300,2.0,181.68827800000025,5.995790199999994e-08,192.821363335
209,305,0.0,187.71894599999993,7.119031800000002e-08,225.03624999999997
210,305,0.2,187.71894599999993,7.119031800000002e-08,225.03624999999997
211,305,0.4,187.71894599999993,7.119031800000002e-08,225.03624999999997
212,305,0.6000000000000001,198.285085,7.062567600000006e-08,219.70550999999986
213,305,0.8,198.285085,7.062567600000006e-08,219.70550999999986
214,305,1.0,198.285085,7.062567600000006e-08,219.70550999999986
215,305,1.2000000000000002,198.36660500000005,6.970561600000004e-08,215.6758099999998
216,305,1.4000000000000001,198.36660500000005,6.970561600000004e-08,215.6758099999998
217,305,1.6,181.68827800000025,5.995790199999994e-08,192.821363335
218,305,1.8,181.68827800000025,5.995790199999994e-08,192.821363335
219,305,2.0,181.68827800000025,5.995790199999994e-08,192.821363335
220,310,0.0,187.71894599999993,7.119031800000002e-08,225.03624999999997
221,310,0.2,187.71894599999993,7.119031800000002e-08,225.03624999999997
222,310,0.4,187.71894599999993,7.119031800000002e-08,225.03624999999997
223,310,0.6000000000000001,198.285085,7.062567600000006e-08,219.70550999999986
224,310,0.8,198.285085,7.062567600000006e-08,219.70550999999986
225,310,1.0,198.285085,7.062567600000006e-08,219.70550999999986
226,310,1.2000000000000002,198.36660500000005,6.970561600000004e-08,215.6758099999998
227,310,1.4000000000000001,198.36660500000005,6.970561600000004e-08,215.6758099999998
228,310,1.6,181.68827800000025,5.995790199999994e-08,192.821363335
229,310,1.8,181.68827800000025,5.995790199999994e-08,192.821363335
230,310,2.0,181.68827800000025,5.995790199999994e-08,192.821363335
231,315,0.0,187.71894599999993,7.119031800000002e-08,225.03624999999997
232,315,0.2,187.71894599999993,7.119031800000002e-08,225.03624999999997
233,315,0.4,187.71894599999993,7.119031800000002e-08,225.03624999999997
234,315,0.6000000000000001,198.285085,7.062567600000006e-08,219.70550999999986
235,315,0.8,198.285085,7.062567600000006e-08,219.70550999999986
236,315,1.0,198.285085,7.062567600000006e-08,219.70550999999986
237,315,1.2000000000000002,198.36660500000005,6.970561600000004e-08,215.6758099999998
238,315,1.4000000000000001,198.36660500000005,6.970561600000004e-08,215.6758099999998
239,315,1.6,181.68827800000025,5.995790199999994e-08,192.821363335
240,315,1.8,181.68827800000025,5.995790199999994e-08,192.821363335
241,315,2.0,181.68827800000025,5.995790199999994e-08,192.821363335
242,320,0.0,187.71894599999993,7.119031800000002e-08,225.03624999999997
243,320,0.2,187.71894599999993,7.119031800000002e-08,225.03624999999997
244,320,0.4,187.71894599999993,7.119031800000002e-08,225.03624999999997
245,320,0.6000000000000001,198.285085,7.062567600000006e-08,219.70550999999986
246,320,0.8,198.285085,7.062567600000006e-08,219.70550999999986
247,320,1.0,198.285085,7.062567600000006e-08,219.70550999999986
248,320,1.2000000000000002,198.36660500000005,6.970561600000004e-08,215.6758099999998
249,320,1.4000000000000001,198.36660500000005,6.970561600000004e-08,215.6758099999998
250,320,1.6,181.68827800000025,5.995790199999994e-08,192.821363335
251,320,1.8,181.68827800000025,5.995790199999994e-08,192.821363335
252,320,2.0,181.68827800000025,5.995790199999994e-08,192.821363335
253,325,0.0,187.71894599999993,7.119031800000002e-08,225.03624999999997
254,325,0.2,187.71894599999993,7.119031800000002e-08,225.03624999999997
255,325,0.4,187.71894599999993,7.119031800000002e-08,225.03624999999997
256,325,0.6000000000000001,198.285085,7.062567600000006e-08,219.70550999999986
257,325,0.8,198.285085,7.062567600000006e-08,219.70550999999986
258,325,1.0,198.285085,7.062567600000006e-08,219.70550999999986
259,325,1.2000000000000002,198.36660500000005,6.970561600000004e-08,215.6758099999998
260,325,1.4000000000000001,198.36660500000005,6.970561600000004e-08,215.6758099999998
261,325,1.6,181.68827800000025,5.995790199999994e-08,192.821363335
262,325,1.8,181.68827800000025,5.995790199999994e-08,192.821363335
263,325,2.0,181.68827800000025,5.995790199999994e-08,192.821363335
264,330,0.0,187.71894599999993,7.119031800000002e-08,225.03624999999997
265,330,0.2,187.71894599999993,7.119031800000002e-08,225.03624999999997
266,330,0.4,187.71894599999993,7.119031800000002e-08,225.03624999999997
267,330,0.6000000000000001,198.285085,7.062567600000006e-08,219.70550999999986
268,330,0.8,198.285085,7.062567600000006e-08,219.70550999999986
269,330,1.0,198.285085,7.062567600000006e-08,219.70550999999986
270,330,1.2000000000000002,198.36660500000005,6.970561600000004e-08,215.6758099999998
271,330,1.4000000000000001,198.36660500000005,6.970561600000004e-08,215.6758099999998
272,330,1.6,181.68827800000025,5.995790199999994e-08,192.821363335
273,330,1.8,181.68827800000025,5.995790199999994e-08,192.821363335
274,330,2.0,181.68827800000025,5.995790199999994e-08,192.821363335
275,335,0.0,187.71894599999993,7.119031800000002e-08,225.03624999999997
276,335,0.2,187.71894599999993,7.119031800000002e-08,225.03624999999997
277,335,0.4,187.71894599999993,7.119031800000002e-08,225.03624999999997
278,335,0.6000000000000001,198.285085,7.062567600000006e-08,219.70550999999986
279,335,0.8,198.285085,7.062567600000006e-08,219.70550999999986
280,335,1.0,198.285085,7.062567600000006e-08,219.70550999999986
281,335,1.2000000000000002,198.36660500000005,6.970561600000004e-08,215.6758099999998
282,335,1.4000000000000001,198.36660500000005,6.970561600000004e-08,215.6758099999998
283,335,1.6,181.68827800000025,5.995790199999994e-08,192.821363335
284,335,1.8,181.68827800000025,5.995790199999994e-08,192.821363335
285,335,2.0,181.68827800000025,5.995790199999994e-08,192.821363335
286,340,0.0,177.60391399999997,7.686188400000005e-08,235.06955999999994
287,340,0.2,177.60391399999997,7.686188400000005e-08,235.06955999999994
288,340,0.4,177.60391399999997,7.686188400000005e-08,235.06955999999994
289,340,0.6000000000000001,155.07518300000012,7.070288300000006e-08,216.51983
290,340,0.8,155.07518300000012,7.070288300000006e-08,216.51983
291,340,1.0,155.07518300000012,7.070288300000006e-08,216.51983
292,340,1.2000000000000002,156.14633500000014,6.858264700000004e-08,214.09100999999998
293,340,1.4000000000000001,156.14633500000014,6.858264700000004e-08,214.09100999999998
294,340,1.6,187.52133300000006,5.0213198999999935e-08,210.04805333599998
295,340,1.8,187.52133300000006,5.0213198999999935e-08,210.04805333599998
296,340,2.0,187.52133300000006,5.0213198999999935e-08,210.04805333599998
297,345,0.0,177.60391399999997,7.686188400000005e-08,235.06955999999994
298,345,0.2,177.60391399999997,7.686188400000005e-08,235.06955999999994
299,345,0.4,177.60391399999997,7.686188400000005e-08,235.06955999999994
300,345,0.6000000000000001,155.07518300000012,7.070288300000006e-08,216.51983
301,345,0.8,155.07518300000012,7.070288300000006e-08,216.51983
302,345,1.0,155.07518300000012,7.070288300000006e-08,216.51983
303,345,1.2000000000000002,156.14633500000014,6.858264700000004e-08,214.09100999999998
304,345,1.4000000000000001,156.14633500000014,6.858264700000004e-08,214.09100999999998
305,345,1.6,187.52133300000006,5.0213198999999935e-08,210.04805333599998
306,345,1.8,187.52133300000006,5.0213198999999935e-08,210.04805333599998
307,345,2.0,187.52133300000006,5.0213198999999935e-08,210.04805333599998
308,350,0.0,177.60391399999997,7.686188400000005e-08,235.06955999999994
309,350,0.2,177.60391399999997,7.686188400000005e-08,235.06955999999994
310,350,0.4,177.60391399999997,7.686188400000005e-08,235.06955999999994
311,350,0.6000000000000001,155.07518300000012,7.070288300000006e-08,216.51983
312,350,0.8,155.07518300000012,7.070288300000006e-08,216.51983
313,350,1.0,155.07518300000012,7.070288300000006e-08,216.51983
314,350,1.2000000000000002,156.14633500000014,6.858264700000004e-08,214.09100999999998
315,350,1.4000000000000001,156.14633500000014,6.858264700000004e-08,214.09100999999998
316,350,1.6,187.52133300000006,5.0213198999999935e-08,210.04805333599998
317,350,1.8,187.52133300000006,5.0213198999999935e-08,210.04805333599998
318,350,2.0,187.52133300000006,5.0213198999999935e-08,210.04805333599998
319,355,0.0,177.60391399999997,7.686188400000005e-08,235.06955999999994
320,355,0.2,177.60391399999997,7.686188400000005e-08,235.06955999999994
321,355,0.4,177.60391399999997,7.686188400000005e-08,235.06955999999994
322,355,0.6000000000000001,155.07518300000012,7.070288300000006e-08,216.51983
323,355,0.8,155.07518300000012,7.070288300000006e-08,216.51983
324,355,1.0,155.07518300000012,7.070288300000006e-08,216.51983
325,355,1.2000000000000002,156.14633500000014,6.858264700000004e-08,214.09100999999998
326,355,1.4000000000000001,156.14633500000014,6.858264700000004e-08,214.09100999999998
327,355,1.6,187.52133300000006,5.0213198999999935e-08,210.04805333599998
328,355,1.8,187.52133300000006,5.0213198999999935e-08,210.04805333599998
329,355,2.0,187.52133300000006,5.0213198999999935e-08,210.04805333599998
330,360,0.0,177.60391399999997,7.686188400000005e-08,235.06955999999994
331,360,0.2,177.60391399999997,7.686188400000005e-08,235.06955999999994
332,360,0.4,177.60391399999997,7.686188400000005e-08,235.06955999999994
333,360,0.6000000000000001,155.07518300000012,7.070288300000006e-08,216.51983
334,360,0.8,155.07518300000012,7.070288300000006e-08,216.51983
335,360,1.0,155.07518300000012,7.070288300000006e-08,216.51983
336,360,1.2000000000000002,156.14633500000014,6.858264700000004e-08,214.09100999999998
337,360,1.4000000000000001,156.14633500000014,6.858264700000004e-08,214.09100999999998
338,360,1.6,187.52133300000006,5.0213198999999935e-08,210.04805333599998
339,360,1.8,187.52133300000006,5.0213198999999935e-08,210.04805333599998
340,360,2.0,187.52133300000006,5.0213198999999935e-08,210.04805333599998
341,365,0.0,177.60391399999997,7.686188400000005e-08,235.06955999999994
342,365,0.2,177.60391399999997,7.686188400000005e-08,235.06955999999994
343,365,0.4,177.60391399999997,7.686188400000005e-08,235.06955999999994
344,365,0.6000000000000001,155.07518300000012,7.070288300000006e-08,216.51983
345,365,0.8,155.07518300000012,7.070288300000006e-08,216.51983
346,365,1.0,155.07518300000012,7.070288300000006e-08,216.51983
347,365,1.2000000000000002,156.14633500000014,6.858264700000004e-08,214.09100999999998
348,365,1.4000000000000001,156.14633500000014,6.858264700000004e-08,214.09100999999998
349,365,1.6,187.52133300000006,5.0213198999999935e-08,210.04805333599998
350,365,1.8,187.52133300000006,5.0213198999999935e-08,210.04805333599998
351,365,2.0,187.52133300000006,5.0213198999999935e-08,210.04805333599998
352,370,0.0,177.60391399999997,7.686188400000005e-08,235.06955999999994
353,370,0.2,177.60391399999997,7.686188400000005e-08,235.06955999999994
354,370,0.4,177.60391399999997,7.686188400000005e-08,235.06955999999994
355,370,0.6000000000000001,155.07518300000012,7.070288300000006e-08,216.51983
356,370,0.8,155.07518300000012,7.070288300000006e-08,216.51983
357,370,1.0,155.07518300000012,7.070288300000006e-08,216.51983
358,370,1.2000000000000002,156.14633500000014,6.858264700000004e-08,214.09100999999998
359,370,1.4000000000000001,156.14633500000014,6.858264700000004e-08,214.09100999999998
360,370,1.6,187.52133300000006,5.0213198999999935e-08,210.04805333599998
361,370,1.8,187.52133300000006,5.0213198999999935e-08,210.04805333599998
362,370,2.0,187.52133300000006,5.0213198999999935e-08,210.04805333599998
363,375,0.0,177.60391399999997,7.686188400000005e-08,235.06955999999994
364,375,0.2,177.60391399999997,7.686188400000005e-08,235.06955999999994
365,375,0.4,177.60391399999997,7.686188400000005e-08,235.06955999999994
366,375,0.6000000000000001,155.07518300000012,7.070288300000006e-08,216.51983
367,375,0.8,155.07518300000012,7.070288300000006e-08,216.51983
368,375,1.0,155.07518300000012,7.070288300000006e-08,216.51983
369,375,1.2000000000000002,156.14633500000014,6.858264700000004e-08,214.09100999999998
370,375,1.4000000000000001,156.14633500000014,6.858264700000004e-08,214.09100999999998
371,375,1.6,187.52133300000006,5.0213198999999935e-08,210.04805333599998
372,375,1.8,187.52133300000006,5.0213198999999935e-08,210.04805333599998
373,375,2.0,187.52133300000006,5.0213198999999935e-08,210.04805333599998
374,380,0.0,177.60391399999997,7.686188400000005e-08,235.06955999999994
375,380,0.2,177.60391399999997,7.686188400000005e-08,235.06955999999994
376,380,0.4,177.60391399999997,7.686188400000005e-08,235.06955999999994
377,380,0.6000000000000001,155.07518300000012,7.070288300000006e-08,216.51983
378,380,0.8,155.07518300000012,7.070288300000006e-08,216.51983
379,380,1.0,155.07518300000012,7.070288300000006e-08,216.51983
380,380,1.2000000000000002,156.14633500000014,6.858264700000004e-08,214.09100999999998
381,380,1.4000000000000001,156.14633500000014,6.858264700000004e-08,214.09100999999998
382,380,1.6,187.52133300000006,5.0213198999999935e-08,210.04805333599998
383,380,1.8,187.52133300000006,5.0213198999999935e-08,210.04805333599998
384,380,2.0,187.52133300000006,5.0213198999999935e-08,210.04805333599998
385,385,0.0,177.60391399999997,7.686188400000005e-08,235.06955999999994
386,385,0.2,177.60391399999997,7.686188400000005e-08,235.06955999999994
387,385,0.4,177.60391399999997,7.686188400000005e-08,235.06955999999994
388,385,0.6000000000000001,155.07518300000012,7.070288300000006e-08,216.51983
389,385,0.8,155.07518300000012,7.070288300000006e-08,216.51983
390,385,1.0,155.07518300000012,7.070288300000006e-08,216.51983
391,385,1.2000000000000002,156.14633500000014,6.858264700000004e-08,214.09100999999998
392,385,1.4000000000000001,156.14633500000014,6.858264700000004e-08,214.09100999999998
393,385,1.6,187.52133300000006,5.0213198999999935e-08,210.04805333599998
394,385,1.8,187.52133300000006,5.0213198999999935e-08,210.04805333599998
395,385,2.0,187.52133300000006,5.0213198999999935e-08,210.04805333599998
396,390,0.0,177.60391399999997,7.686188400000005e-08,235.06955999999994
397,390,0.2,177.60391399999997,7.686188400000005e-08,235.06955999999994
398,390,0.4,177.60391399999997,7.686188400000005e-08,235.06955999999994
399,390,0.6000000000000001,155.07518300000012,7.070288300000006e-08,216.51983
400,390,0.8,155.07518300000012,7.070288300000006e-08,216.51983
401,390,1.0,155.07518300000012,7.070288300000006e-08,216.51983
402,390,1.2000000000000002,156.14633500000014,6.858264700000004e-08,214.09100999999998
403,390,1.4000000000000001,156.14633500000014,6.858264700000004e-08,214.09100999999998
404,390,1.6,187.52133300000006,5.0213198999999935e-08,210.04805333599998
405,390,1.8,187.52133300000006,5.0213198999999935e-08,210.04805333599998
406,390,2.0,187.52133300000006,5.0213198999999935e-08,210.04805333599998
407,395,0.0,177.60391399999997,7.686188400000005e-08,235.06955999999994
408,395,0.2,177.60391399999997,7.686188400000005e-08,235.06955999999994
409,395,0.4,177.60391399999997,7.686188400000005e-08,235.06955999999994
410,395,0.6000000000000001,155.07518300000012,7.070288300000006e-08,216.51983
411,395,0.8,155.07518300000012,7.070288300000006e-08,216.51983
412,395,1.0,155.07518300000012,7.070288300000006e-08,216.51983
413,395,1.2000000000000002,156.14633500000014,6.858264700000004e-08,214.09100999999998
414,395,1.4000000000000001,156.14633500000014,6.858264700000004e-08,214.09100999999998
415,395,1.6,187.52133300000006,5.0213198999999935e-08,210.04805333599998
416,395,1.8,187.52133300000006,5.0213198999999935e-08,210.04805333599998
417,395,2.0,187.52133300000006,5.0213198999999935e-08,210.04805333599998
418,400,0.0,177.60391399999997,7.686188400000005e-08,235.06955999999994
419,400,0.2,177.60391399999997,7.686188400000005e-08,235.06955999999994
420,400,0.4,177.60391399999997,7.686188400000005e-08,235.06955999999994
421,400,0.6000000000000001,155.07518300000012,7.070288300000006e-08,216.51983
422,400,0.8,155.07518300000012,7.070288300000006e-08,216.51983
423,400,1.0,155.07518300000012,7.070288300000006e-08,216.51983
424,400,1.2000000000000002,156.14633500000014,6.858264700000004e-08,214.09100999999998
425,400,1.4000000000000001,156.14633500000014,6.858264700000004e-08,214.09100999999998
426,400,1.6,187.52133300000006,5.0213198999999935e-08,210.04805333599998
427,400,1.8,187.52133300000006,5.0213198999999935e-08,210.04805333599998
428,400,2.0,187.52133300000006,5.0213198999999935e-08,210.04805333599998
429,405,0.0,177.60391399999997,7.686188400000005e-08,235.06955999999994
430,405,0.2,177.60391399999997,7.686188400000005e-08,235.06955999999994
431,405,0.4,177.60391399999997,7.686188400000005e-08,235.06955999999994
432,405,0.6000000000000001,155.07518300000012,7.070288300000006e-08,216.51983
433,405,0.8,155.07518300000012,7.070288300000006e-08,216.51983
434,405,1.0,155.07518300000012,7.070288300000006e-08,216.51983
435,405,1.2000000000000002,156.14633500000014,6.858264700000004e-08,214.09100999999998
436,405,1.4000000000000001,156.14633500000014,6.858264700000004e-08,214.09100999999998
437,405,1.6,187.52133300000006,5.0213198999999935e-08,210.04805333599998
438,405,1.8,187.52133300000006,5.0213198999999935e-08,210.04805333599998
439,405,2.0,187.52133300000006,5.0213198999999935e-08,210.04805333599998
440,410,0.0,177.60391399999997,7.686188400000005e-08,235.06955999999994
441,410,0.2,177.60391399999997,7.686188400000005e-08,235.06955999999994
442,410,0.4,177.60391399999997,7.686188400000005e-08,235.06955999999994
443,410,0.6000000000000001,155.07518300000012,7.070288300000006e-08,216.51983
444,410,0.8,155.07518300000012,7.070288300000006e-08,216.51983
445,410,1.0,155.07518300000012,7.070288300000006e-08,216.51983
446,410,1.2000000000000002,156.14633500000014,6.858264700000004e-08,214.09100999999998
447,410,1.4000000000000001,156.14633500000014,6.858264700000004e-08,214.09100999999998
448,410,1.6,187.52133300000006,5.0213198999999935e-08,210.04805333599998
449,410,1.8,187.52133300000006,5.0213198999999935e-08,210.04805333599998
450,410,2.0,187.52133300000006,5.0213198999999935e-08,210.04805333599998
451,415,0.0,177.60391399999997,7.686188400000005e-08,235.06955999999994
452,415,0.2,177.60391399999997,7.686188400000005e-08,235.06955999999994
453,415,0.4,177.60391399999997,7.686188400000005e-08,235.06955999999994
454,415,0.6000000000000001,155.07518300000012,7.070288300000006e-08,216.51983
455,415,0.8,155.07518300000012,7.070288300000006e-08,216.51983
456,415,1.0,155.07518300000012,7.070288300000006e-08,216.51983
457,415,1.2000000000000002,156.14633500000014,6.858264700000004e-08,214.09100999999998
458,415,1.4000000000000001,156.14633500000014,6.858264700000004e-08,214.09100999999998
459,415,1.6,187.52133300000006,5.0213198999999935e-08,210.04805333599998
460,415,1.8,187.52133300000006,5.0213198999999935e-08,210.04805333599998
461,415,2.0,187.52133300000006,5.0213198999999935e-08,210.04805333599998
462,420,0.0,177.60391399999997,7.686188400000005e-08,235.06955999999994
463,420,0.2,177.60391399999997,7.686188400000005e-08,235.06955999999994
464,420,0.4,177.60391399999997,7.686188400000005e-08,235.06955999999994
465,420,0.6000000000000001,155.07518300000012,7.070288300000006e-08,216.51983
466,420,0.8,155.07518300000012,7.070288300000006e-08,216.51983
467,420,1.0,155.07518300000012,7.070288300000006e-08,216.51983
468,420,1.2000000000000002,156.14633500000014,6.858264700000004e-08,214.09100999999998
469,420,1.4000000000000001,156.14633500000014,6.858264700000004e-08,214.09100999999998
470,420,1.6,187.52133300000006,5.0213198999999935e-08,210.04805333599998
471,420,1.8,187.52133300000006,5.0213198999999935e-08,210.04805333599998
472,420,2.0,187.52133300000006,5.0213198999999935e-08,210.04805333599998
473,425,0.0,177.60391399999997,7.686188400000005e-08,235.06955999999994
474,425,0.2,177.60391399999997,7.686188400000005e-08,235.06955999999994
475,425,0.4,177.60391399999997,7.686188400000005e-08,235.06955999999994
476,425,0.6000000000000001,155.07518300000012,7.070288300000006e-08,216.51983
477,425,0.8,155.07518300000012,7.070288300000006e-08,216.51983
478,425,1.0,155.07518300000012,7.070288300000006e-08,216.51983
479,425,1.2000000000000002,156.14633500000014,6.858264700000004e-08,214.09100999999998
480,425,1.4000000000000001,156.14633500000014,6.858264700000004e-08,214.09100999999998
481,425,1.6,187.52133300000006,5.0213198999999935e-08,210.04805333599998
482,425,1.8,187.52133300000006,5.0213198999999935e-08,210.04805333599998
483,425,2.0,187.52133300000006,5.0213198999999935e-08,210.04805333599998
484,430,0.0,177.60391399999997,7.686188400000005e-08,235.06955999999994
485,430,0.2,177.60391399999997,7.686188400000005e-08,235.06955999999994
486,430,0.4,177.60391399999997,7.686188400000005e-08,235.06955999999994
487,430,0.6000000000000001,155.07518300000012,7.070288300000006e-08,216.51983
488,430,0.8,155.07518300000012,7.070288300000006e-08,216.51983
489,430,1.0,155.07518300000012,7.070288300000006e-08,216.51983
490,430,1.2000000000000002,156.14633500000014,6.858264700000004e-08,214.09100999999998
491,430,1.4000000000000001,156.14633500000014,6.858264700000004e-08,214.09100999999998
492,430,1.6,187.52133300000006,5.0213198999999935e-08,210.04805333599998
493,430,1.8,187.52133300000006,5.0213198999999935e-08,210.04805333599998
494,430,2.0,187.52133300000006,5.0213198999999935e-08,210.04805333599998
495,435,0.0,177.60391399999997,7.686188400000005e-08,235.06955999999994
496,435,0.2,177.60391399999997,7.686188400000005e-08,235.06955999999994
497,435,0.4,177.60391399999997,7.686188400000005e-08,235.06955999999994
498,435,0.6000000000000001,155.07518300000012,7.070288300000006e-08,216.51983
499,435,0.8,155.07518300000012,7.070288300000006e-08,216.51983
500,435,1.0,155.07518300000012,7.070288300000006e-08,216.51983
501,435,1.2000000000000002,156.14633500000014,6.858264700000004e-08,214.09100999999998
502,435,1.4000000000000001,156.14633500000014,6.858264700000004e-08,214.09100999999998
503,435,1.6,187.52133300000006,5.0213198999999935e-08,210.04805333599998
504,435,1.8,187.52133300000006,5.0213198999999935e-08,210.04805333599998
505,435,2.0,187.52133300000006,5.0213198999999935e-08,210.04805333599998
506,440,0.0,180.96972199999993,7.720353200000004e-08,235.81167999999994
507,440,0.2,180.96972199999993,7.720353200000004e-08,235.81167999999994
508,440,0.4,180.96972199999993,7.720353200000004e-08,235.81167999999994
509,440,0.6000000000000001,155.1136930000001,7.161967700000006e-08,219.20953999999998
510,440,0.8,155.1136930000001,7.161967700000006e-08,219.20953999999998
511,440,1.0,155.1136930000001,7.161967700000006e-08,219.20953999999998
512,440,1.2000000000000002,155.3433930000001,6.941402900000004e-08,216.59519
513,440,1.4000000000000001,155.3433930000001,6.941402900000004e-08,216.59519
514,440,1.6,187.71293300000002,5.069287599999995e-08,212.46650667000003
515,440,1.8,187.71293300000002,5.069287599999995e-08,212.46650667000003
516,440,2.0,187.71293300000002,5.069287599999995e-08,212.46650667000003
517,445,0.0,180.96972199999993,7.720353200000004e-08,235.81167999999994
518,445,0.2,180.96972199999993,7.720353200000004e-08,235.81167999999994
519,445,0.4,180.96972199999993,7.720353200000004e-08,235.81167999999994
520,445,0.6000000000000001,155.1136930000001,7.161967700000006e-08,219.20953999999998
521,445,0.8,155.1136930000001,7.161967700000006e-08,219.20953999999998
522,445,1.0,155.1136930000001,7.161967700000006e-08,219.20953999999998
523,445,1.2000000000000002,155.3433930000001,6.941402900000004e-08,216.59519
524,445,1.4000000000000001,155.3433930000001,6.941402900000004e-08,216.59519
525,445,1.6,187.71293300000002,5.069287599999995e-08,212.46650667000003
526,445,1.8,187.71293300000002,5.069287599999995e-08,212.46650667000003
527,445,2.0,187.71293300000002,5.069287599999995e-08,212.46650667000003
528,450,0.0,180.96972199999993,7.720353200000004e-08,235.81167999999994
529,450,0.2,180.96972199999993,7.720353200000004e-08,235.81167999999994
530,450,0.4,180.96972199999993,7.720353200000004e-08,235.81167999999994
531,450,0.6000000000000001,155.1136930000001,7.161967700000006e-08,219.20953999999998
532,450,0.8,155.1136930000001,7.161967700000006e-08,219.20953999999998
533,450,1.0,155.1136930000001,7.161967700000006e-08,219.20953999999998
534,450,1.2000000000000002,155.3433930000001,6.941402900000004e-08,216.59519
535,450,1.4000000000000001,155.3433930000001,6.941402900000004e-08,216.59519
536,450,1.6,187.71293300000002,5.069287599999995e-08,212.46650667000003
537,450,1.8,187.71293300000002,5.069287599999995e-08,212.46650667000003
538,450,2.0,187.71293300000002,5.069287599999995e-08,212.46650667000003
539,455,0.0,180.96972199999993,7.720353200000004e-08,235.81167999999994
540,455,0.2,180.96972199999993,7.720353200000004e-08,235.81167999999994
541,455,0.4,180.96972199999993,7.720353200000004e-08,235.81167999999994
542,455,0.6000000000000001,155.1136930000001,7.161967700000006e-08,219.20953999999998
543,455,0.8,155.1136930000001,7.161967700000006e-08,219.20953999999998
544,455,1.0,155.1136930000001,7.161967700000006e-08,219.20953999999998
545,455,1.2000000000000002,155.3433930000001,6.941402900000004e-08,216.59519
546,455,1.4000000000000001,155.3433930000001,6.941402900000004e-08,216.59519
547,455,1.6,187.71293300000002,5.069287599999995e-08,212.46650667000003
548,455,1.8,187.71293300000002,5.069287599999995e-08,212.46650667000003
549,455,2.0,187.71293300000002,5.069287599999995e-08,212.46650667000003
550,460,0.0,180.96972199999993,7.720353200000004e-08,235.81167999999994
551,460,0.2,180.96972199999993,7.720353200000004e-08,235.81167999999994
552,460,0.4,180.96972199999993,7.720353200000004e-08,235.81167999999994
553,460,0.6000000000000001,155.1136930000001,7.161967700000006e-08,219.20953999999998
554,460,0.8,155.1136930000001,7.161967700000006e-08,219.20953999999998
555,460,1.0,155.1136930000001,7.161967700000006e-08,219.20953999999998
556,460,1.2000000000000002,155.3433930000001,6.941402900000004e-08,216.59519
557,460,1.4000000000000001,155.3433930000001,6.941402900000004e-08,216.59519
558,460,1.6,187.71293300000002,5.069287599999995e-08,212.46650667000003
559,460,1.8,187.71293300000002,5.069287599999995e-08,212.46650667000003
560,460,2.0,187.71293300000002,5.069287599999995e-08,212.46650667000003
561,465,0.0,180.96972199999993,7.720353200000004e-08,235.81167999999994
562,465,0.2,180.96972199999993,7.720353200000004e-08,235.81167999999994
563,465,0.4,180.96972199999993,7.720353200000004e-08,235.81167999999994
564,465,0.6000000000000001,155.1136930000001,7.161967700000006e-08,219.20953999999998
565,465,0.8,155.1136930000001,7.161967700000006e-08,219.20953999999998
566,465,1.0,155.1136930000001,7.161967700000006e-08,219.20953999999998
567,465,1.2000000000000002,155.3433930000001,6.941402900000004e-08,216.59519
568,465,1.4000000000000001,155.3433930000001,6.941402900000004e-08,216.59519
569,465,1.6,187.71293300000002,5.069287599999995e-08,212.46650667000003
570,465,1.8,187.71293300000002,5.069287599999995e-08,212.46650667000003
571,465,2.0,187.71293300000002,5.069287599999995e-08,212.46650667000003
572,470,0.0,180.96972199999993,7.720353200000004e-08,235.81167999999994
573,470,0.2,180.96972199999993,7.720353200000004e-08,235.81167999999994
574,470,0.4,180.96972199999993,7.720353200000004e-08,235.81167999999994
575,470,0.6000000000000001,155.1136930000001,7.161967700000006e-08,219.20953999999998
576,470,0.8,155.1136930000001,7.161967700000006e-08,219.20953999999998
577,470,1.0,155.1136930000001,7.161967700000006e-08,219.20953999999998
578,470,1.2000000000000002,155.3433930000001,6.941402900000004e-08,216.59519
579,470,1.4000000000000001,155.3433930000001,6.941402900000004e-08,216.59519
580,470,1.6,187.71293300000002,5.069287599999995e-08,212.46650667000003
581,470,1.8,187.71293300000002,5.069287599999995e-08,212.46650667000003
582,470,2.0,187.71293300000002,5.069287599999995e-08,212.46650667000003
583,475,0.0,180.96972199999993,7.720353200000004e-08,235.81167999999994
584,475,0.2,180.96972199999993,7.720353200000004e-08,235.81167999999994
585,475,0.4,180.96972199999993,7.720353200000004e-08,235.81167999999994
586,475,0.6000000000000001,155.1136930000001,7.161967700000006e-08,219.20953999999998
587,475,0.8,155.1136930000001,7.161967700000006e-08,219.20953999999998
588,475,1.0,155.1136930000001,7.161967700000006e-08,219.20953999999998
589,475,1.2000000000000002,155.3433930000001,6.941402900000004e-08,216.59519
590,475,1.4000000000000001,155.3433930000001,6.941402900000004e-08,216.59519
591,475,1.6,187.71293300000002,5.069287599999995e-08,212.46650667000003
592,475,1.8,187.71293300000002,5.069287599999995e-08,212.46650667000003
593,475,2.0,187.71293300000002,5.069287599999995e-08,212.46650667000003
594,480,0.0,180.96972199999993,7.720353200000004e-08,235.81167999999994
595,480,0.2,180.96972199999993,7.720353200000004e-08,235.81167999999994
596,480,0.4,180.96972199999993,7.720353200000004e-08,235.81167999999994
597,480,0.6000000000000001,155.1136930000001,7.161967700000006e-08,219.20953999999998
598,480,0.8,155.1136930000001,7.161967700000006e-08,219.20953999999998
599,480,1.0,155.1136930000001,7.161967700000006e-08,219.20953999999998
600,480,1.2000000000000002,155.3433930000001,6.941402900000004e-08,216.59519
601,480,1.4000000000000001,155.3433930000001,6.941402900000004e-08,216.59519
602,480,1.6,187.71293300000002,5.069287599999995e-08,212.46650667000003
603,480,1.8,187.71293300000002,5.069287599999995e-08,212.46650667000003
604,480,2.0,187.71293300000002,5.069287599999995e-08,212.46650667000003
605,485,0.0,180.96972199999993,7.720353200000004e-08,235.81167999999994
606,485,0.2,180.96972199999993,7.720353200000004e-08,235.81167999999994
607,485,0.4,180.96972199999993,7.720353200000004e-08,235.81167999999994
608,485,0.6000000000000001,155.1136930000001,7.161967700000006e-08,219.20953999999998
609,485,0.8,155.1136930000001,7.161967700000006e-08,219.20953999999998
610,485,1.0,155.1136930000001,7.161967700000006e-08,219.20953999999998
611,485,1.2000000000000002,155.3433930000001,6.941402900000004e-08,216.59519
612,485,1.4000000000000001,155.3433930000001,6.941402900000004e-08,216.59519
613,485,1.6,187.71293300000002,5.069287599999995e-08,212.46650667000003
614,485,1.8,187.71293300000002,5.069287599999995e-08,212.46650667000003
615,485,2.0,187.71293300000002,5.069287599999995e-08,212.46650667000003
616,490,0.0,180.96972199999993,7.720353200000004e-08,235.81167999999994
617,490,0.2,180.96972199999993,7.720353200000004e-08,235.81167999999994
618,490,0.4,180.96972199999993,7.720353200000004e-08,235.81167999999994
619,490,0.6000000000000001,155.1136930000001,7.161967700000006e-08,219.20953999999998
620,490,0.8,155.1136930000001,7.161967700000006e-08,219.20953999999998
621,490,1.0,155.1136930000001,7.161967700000006e-08,219.20953999999998
622,490,1.2000000000000002,155.3433930000001,6.941402900000004e-08,216.59519
623,490,1.4000000000000001,155.3433930000001,6.941402900000004e-08,216.59519
624,490,1.6,187.71293300000002,5.069287599999995e-08,212.46650667000003
625,490,1.8,187.71293300000002,5.069287599999995e-08,212.46650667000003
626,490,2.0,187.71293300000002,5.069287599999995e-08,212.46650667000003
627,495,0.0,180.96972199999993,7.720353200000004e-08,235.81167999999994
628,495,0.2,180.96972199999993,7.720353200000004e-08,235.81167999999994
629,495,0.4,180.96972199999993,7.720353200000004e-08,235.81167999999994
630,495,0.6000000000000001,155.1136930000001,7.161967700000006e-08,219.20953999999998
631,495,0.8,155.1136930000001,7.161967700000006e-08,219.20953999999998
632,495,1.0,155.1136930000001,7.161967700000006e-08,219.20953999999998
633,495,1.2000000000000002,155.3433930000001,6.941402900000004e-08,216.59519
634,495,1.4000000000000001,155.3433930000001,6.941402900000004e-08,216.59519
635,495,1.6,187.71293300000002,5.069287599999995e-08,212.46650667000003
636,495,1.8,187.71293300000002,5.069287599999995e-08,212.46650667000003
637,495,2.0,187.71293300000002,5.069287599999995e-08,212.46650667000003
638,500,0.0,180.96972199999993,7.720353200000004e-08,235.81167999999994
639,500,0.2,180.96972199999993,7.720353200000004e-08,235.81167999999994
640,500,0.4,180.96972199999993,7.720353200000004e-08,235.81167999999994
641,500,0.6000000000000001,155.1136930000001,7.161967700000006e-08,219.20953999999998
642,500,0.8,155.1136930000001,7.161967700000006e-08,219.20953999999998
643,500,1.0,155.1136930000001,7.161967700000006e-08,219.20953999999998
644,500,1.2000000000000002,155.3433930000001,6.941402900000004e-08,216.59519
645,500,1.4000000000000001,155.3433930000001,6.941402900000004e-08,216.59519
646,500,1.6,187.71293300000002,5.069287599999995e-08,212.46650667000003
647,500,1.8,187.71293300000002,5.069287599999995e-08,212.46650667000003
648,500,2.0,187.71293300000002,5.069287599999995e-08,212.46650667000003
649,505,0.0,180.96972199999993,7.720353200000004e-08,235.81167999999994
650,505,0.2,180.96972199999993,7.720353200000004e-08,235.81167999999994
651,505,0.4,180.96972199999993,7.720353200000004e-08,235.81167999999994
652,505,0.6000000000000001,155.1136930000001,7.161967700000006e-08,219.20953999999998
653,505,0.8,155.1136930000001,7.161967700000006e-08,219.20953999999998
654,505,1.0,155.1136930000001,7.161967700000006e-08,219.20953999999998
655,505,1.2000000000000002,155.3433930000001,6.941402900000004e-08,216.59519
656,505,1.4000000000000001,155.3433930000001,6.941402900000004e-08,216.59519
657,505,1.6,187.71293300000002,5.069287599999995e-08,212.46650667000003
658,505,1.8,187.71293300000002,5.069287599999995e-08,212.46650667000003
659,505,2.0,187.71293300000002,5.069287599999995e-08,212.46650667000003
660,510,0.0,180.96972199999993,7.720353200000004e-08,235.81167999999994
661,510,0.2,180.96972199999993,7.720353200000004e-08,235.81167999999994
662,510,0.4,180.96972199999993,7.720353200000004e-08,235.81167999999994
663,510,0.6000000000000001,155.1136930000001,7.161967700000006e-08,219.20953999999998
664,510,0.8,155.1136930000001,7.161967700000006e-08,219.20953999999998
665,510,1.0,155.1136930000001,7.161967700000006e-08,219.20953999999998
666,510,1.2000000000000002,155.3433930000001,6.941402900000004e-08,216.59519
667,510,1.4000000000000001,155.3433930000001,6.941402900000004e-08,216.59519
668,510,1.6,187.71293300000002,5.069287599999995e-08,212.46650667000003
669,510,1.8,187.71293300000002,5.069287599999995e-08,212.46650667000003
670,510,2.0,187.71293300000002,5.069287599999995e-08,212.46650667000003
671,515,0.0,180.96972199999993,7.720353200000004e-08,235.81167999999994
672,515,0.2,180.96972199999993,7.720353200000004e-08,235.81167999999994
673,515,0.4,180.96972199999993,7.720353200000004e-08,235.81167999999994
674,515,0.6000000000000001,155.1136930000001,7.161967700000006e-08,219.20953999999998
675,515,0.8,155.1136930000001,7.161967700000006e-08,219.20953999999998
676,515,1.0,155.1136930000001,7.161967700000006e-08,219.20953999999998
677,515,1.2000000000000002,155.3433930000001,6.941402900000004e-08,216.59519
678,515,1.4000000000000001,155.3433930000001,6.941402900000004e-08,216.59519
679,515,1.6,187.71293300000002,5.069287599999995e-08,212.46650667000003
680,515,1.8,187.71293300000002,5.069287599999995e-08,212.46650667000003
681,515,2.0,187.71293300000002,5.069287599999995e-08,212.46650667000003
682,520,0.0,180.96972199999993,7.720353200000004e-08,235.81167999999994
683,520,0.2,180.96972199999993,7.720353200000004e-08,235.81167999999994
684,520,0.4,180.96972199999993,7.720353200000004e-08,235.81167999999994
685,520,0.6000000000000001,155.1136930000001,7.161967700000006e-08,219.20953999999998
686,520,0.8,155.1136930000001,7.161967700000006e-08,219.20953999999998
687,520,1.0,155.1136930000001,7.161967700000006e-08,219.20953999999998
688,520,1.2000000000000002,155.3433930000001,6.941402900000004e-08,216.59519
689,520,1.4000000000000001,155.3433930000001,6.941402900000004e-08,216.59519
690,520,1.6,187.71293300000002,5.069287599999995e-08,212.46650667000003
691,520,1.8,187.71293300000002,5.069287599999995e-08,212.46650667000003
692,520,2.0,187.71293300000002,5.069287599999995e-08,212.46650667000003
693,525,0.0,180.96972199999993,7.720353200000004e-08,235.81167999999994
694,525,0.2,180.96972199999993,7.720353200000004e-08,235.81167999999994
695,525,0.4,180.96972199999993,7.720353200000004e-08,235.81167999999994
696,525,0.6000000000000001,155.1136930000001,7.161967700000006e-08,219.20953999999998
697,525,0.8,155.1136930000001,7.161967700000006e-08,219.20953999999998
698,525,1.0,155.1136930000001,7.161967700000006e-08,219.20953999999998
699,525,1.2000000000000002,155.3433930000001,6.941402900000004e-08,216.59519
700,525,1.4000000000000001,155.3433930000001,6.941402900000004e-08,216.59519
701,525,1.6,187.71293300000002,5.069287599999995e-08,212.46650667000003
702,525,1.8,187.71293300000002,5.069287599999995e-08,212.46650667000003
703,525,2.0,187.71293300000002,5.069287599999995e-08,212.46650667000003
704,530,0.0,180.96972199999993,7.720353200000004e-08,235.81167999999994
705,530,0.2,180.96972199999993,7.720353200000004e-08,235.81167999999994
706,530,0.4,180.96972199999993,7.720353200000004e-08,235.81167999999994
707,530,0.6000000000000001,155.1136930000001,7.161967700000006e-08,219.20953999999998
708,530,0.8,155.1136930000001,7.161967700000006e-08,219.20953999999998
709,530,1.0,155.1136930000001,7.161967700000006e-08,219.20953999999998
710,530,1.2000000000000002,155.3433930000001,6.941402900000004e-08,216.59519
711,530,1.4000000000000001,155.3433930000001,6.941402900000004e-08,216.59519
712,530,1.6,187.71293300000002,5.069287599999995e-08,212.46650667000003
713,530,1.8,187.71293300000002,5.069287599999995e-08,212.46650667000003
714,530,2.0,187.71293300000002,5.069287599999995e-08,212.46650667000003
715,535,0.0,180.96972199999993,7.720353200000004e-08,235.81167999999994
716,535,0.2,180.96972199999993,7.720353200000004e-08,235.81167999999994
717,535,0.4,180.96972199999993,7.720353200000004e-08,235.81167999999994
718,535,0.6000000000000001,155.1136930000001,7.161967700000006e-08,219.20953999999998
719,535,0.8,155.1136930000001,7.161967700000006e-08,219.20953999999998
720,535,1.0,155.1136930000001,7.161967700000006e-08,219.20953999999998
721,535,1.2000000000000002,155.3433930000001,6.941402900000004e-08,216.59519
722,535,1.4000000000000001,155.3433930000001,6.941402900000004e-08,216.59519
723,535,1.6,187.71293300000002,5.069287599999995e-08,212.46650667000003
724,535,1.8,187.71293300000002,5.069287599999995e-08,212.46650667000003
725,535,2.0,187.71293300000002,5.069287599999995e-08,212.46650667000003
726,540,0.0,180.96972199999993,7.720353200000004e-08,235.81167999999994
727,540,0.2,180.96972199999993,7.720353200000004e-08,235.81167999999994
728,540,0.4,180.96972199999993,7.720353200000004e-08,235.81167999999994
729,540,0.6000000000000001,155.1136930000001,7.161967700000006e-08,219.20953999999998
730,540,0.8,155.1136930000001,7.161967700000006e-08,219.20953999999998
731,540,1.0,155.1136930000001,7.161967700000006e-08,219.20953999999998
732,540,1.2000000000000002,155.3433930000001,6.941402900000004e-08,216.59519
733,540,1.4000000000000001,155.3433930000001,6.941402900000004e-08,216.59519
734,540,1.6,187.71293300000002,5.069287599999995e-08,212.46650667000003
735,540,1.8,187.71293300000002,5.069287599999995e-08,212.46650667000003
736,540,2.0,187.71293300000002,5.069287599999995e-08,212.46650667000003
737,545,0.0,180.96972199999993,7.720353200000004e-08,235.81167999999994
738,545,0.2,180.96972199999993,7.720353200000004e-08,235.81167999999994
739,545,0.4,180.96972199999993,7.720353200000004e-08,235.81167999999994
740,545,0.6000000000000001,155.1136930000001,7.161967700000006e-08,219.20953999999998
741,545,0.8,155.1136930000001,7.161967700000006e-08,219.20953999999998
742,545,1.0,155.1136930000001,7.161967700000006e-08,219.20953999999998
743,545,1.2000000000000002,155.3433930000001,6.941402900000004e-08,216.59519
744,545,1.4000000000000001,155.3433930000001,6.941402900000004e-08,216.59519
745,545,1.6,187.71293300000002,5.069287599999995e-08,212.46650667000003
746,545,1.8,187.71293300000002,5.069287599999995e-08,212.46650667000003
747,545,2.0,187.71293300000002,5.069287599999995e-08,212.46650667000003
748,550,0.0,180.96972199999993,7.720353200000004e-08,235.81167999999994
749,550,0.2,180.96972199999993,7.720353200000004e-08,235.81167999999994
750,550,0.4,180.96972199999993,7.720353200000004e-08,235.81167999999994
751,550,0.6000000000000001,155.1136930000001,7.161967700000006e-08,219.20953999999998
752,550,0.8,155.1136930000001,7.161967700000006e-08,219.20953999999998
753,550,1.0,155.1136930000001,7.161967700000006e-08,219.20953999999998
754,550,1.2000000000000002,155.3433930000001,6.941402900000004e-08,216.59519
755,550,1.4000000000000001,155.3433930000001,6.941402900000004e-08,216.59519
756,550,1.6,187.71293300000002,5.069287599999995e-08,212.46650667000003
757,550,1.8,187.71293300000002,5.069287599999995e-08,212.46650667000003
758,550,2.0,187.71293300000002,5.069287599999995e-08,212.46650667000003
759,555,0.0,180.96972199999993,7.720353200000004e-08,235.81167999999994
760,555,0.2,180.96972199999993,7.720353200000004e-08,235.81167999999994
761,555,0.4,180.96972199999993,7.720353200000004e-08,235.81167999999994
762,555,0.6000000000000001,155.1136930000001,7.161967700000006e-08,219.20953999999998
763,555,0.8,155.1136930000001,7.161967700000006e-08,219.20953999999998
764,555,1.0,155.1136930000001,7.161967700000006e-08,219.20953999999998
765,555,1.2000000000000002,155.3433930000001,6.941402900000004e-08,216.59519
766,555,1.4000000000000001,155.3433930000001,6.941402900000004e-08,216.59519
767,555,1.6,187.71293300000002,5.069287599999995e-08,212.46650667000003
768,555,1.8,187.71293300000002,5.069287599999995e-08,212.46650667000003
769,555,2.0,187.71293300000002,5.069287599999995e-08,212.46650667000003
770,560,0.0,180.96972199999993,7.720353200000004e-08,235.81167999999994
771,560,0.2,180.96972199999993,7.720353200000004e-08,235.81167999999994
772,560,0.4,180.96972199999993,7.720353200000004e-08,235.81167999999994
773,560,0.6000000000000001,155.1136930000001,7.161967700000006e-08,219.20953999999998
774,560,0.8,155.1136930000001,7.161967700000006e-08,219.20953999999998
775,560,1.0,155.1136930000001,7.161967700000006e-08,219.20953999999998
776,560,1.2000000000000002,155.3433930000001,6.941402900000004e-08,216.59519
777,560,1.4000000000000001,155.3433930000001,6.941402900000004e-08,216.59519
778,560,1.6,187.71293300000002,5.069287599999995e-08,212.46650667000003
779,560,1.8,187.71293300000002,5.069287599999995e-08,212.46650667000003
780,560,2.0,187.71293300000002,5.069287599999995e-08,212.46650667000003
781,565,0.0,238.18370199999984,7.688659900000014e-08,241.875050002
782,565,0.2,238.18370199999984,7.688659900000014e-08,241.875050002
783,565,0.4,238.18370199999984,7.688659900000014e-08,241.875050002
784,565,0.6000000000000001,206.53246700000003,7.981366300000005e-08,251.00075000299975
785,565,0.8,206.53246700000003,7.981366300000005e-08,251.00075000299975
786,565,1.0,206.53246700000003,7.981366300000005e-08,251.00075000299975
787,565,1.2000000000000002,198.42860599999997,7.925669800000002e-08,253.03301000599976
788,565,1.4000000000000001,198.42860599999997,7.925669800000002e-08,253.03301000599976
789,565,1.6,179.69679799999992,7.060111000000005e-08,253.84698669000028
790,565,1.8,179.69679799999992,7.060111000000005e-08,253.84698669000028
791,565,2.0,179.69679799999992,7.060111000000005e-08,253.84698669000028
792,570,0.0,238.18370199999984,7.688659900000014e-08,241.875050002
793,570,0.2,238.18370199999984,7.688659900000014e-08,241.875050002
794,570,0.4,238.18370199999984,7.688659900000014e-08,241.875050002
795,570,0.6000000000000001,206.53246700000003,7.981366300000005e-08,251.00075000299975
796,570,0.8,206.53246700000003,7.981366300000005e-08,251.00075000299975
797,570,1.0,206.53246700000003,7.981366300000005e-08,251.00075000299975
798,570,1.2000000000000002,198.42860599999997,7.925669800000002e-08,253.03301000599976
799,570,1.4000000000000001,198.42860599999997,7.925669800000002e-08,253.03301000599976
800,570,1.6,179.69679799999992,7.060111000000005e-08,253.84698669000028
801,570,1.8,179.69679799999992,7.060111000000005e-08,253.84698669000028
802,570,2.0,179.69679799999992,7.060111000000005e-08,253.84698669000028
803,575,0.0,238.18370199999984,7.688659900000014e-08,241.875050002
804,575,0.2,238.18370199999984,7.688659900000014e-08,241.875050002
805,575,0.4,238.18370199999984,7.688659900000014e-08,241.875050002
806,575,0.6000000000000001,206.53246700000003,7.981366300000005e-08,251.00075000299975
807,575,0.8,206.53246700000003,7.981366300000005e-08,251.00075000299975
808,575,1.0,206.53246700000003,7.981366300000005e-08,251.00075000299975
809,575,1.2000000000000002,198.42860599999997,7.925669800000002e-08,253.03301000599976
810,575,1.4000000000000001,198.42860599999997,7.925669800000002e-08,253.03301000599976
811,575,1.6,179.69679799999992,7.060111000000005e-08,253.84698669000028
812,575,1.8,179.69679799999992,7.060111000000005e-08,253.84698669000028
813,575,2.0,179.69679799999992,7.060111000000005e-08,253.84698669000028
814,580,0.0,238.18370199999984,7.688659900000014e-08,241.875050002
815,580,0.2,238.18370199999984,7.688659900000014e-08,241.875050002
816,580,0.4,238.18370199999984,7.688659900000014e-08,241.875050002
817,580,0.6000000000000001,206.53246700000003,7.981366300000005e-08,251.00075000299975
818,580,0.8,206.53246700000003,7.981366300000005e-08,251.00075000299975
819,580,1.0,206.53246700000003,7.981366300000005e-08,251.00075000299975
820,580,1.2000000000000002,198.42860599999997,7.925669800000002e-08,253.03301000599976
821,580,1.4000000000000001,198.42860599999997,7.925669800000002e-08,253.03301000599976
822,580,1.6,179.69679799999992,7.060111000000005e-08,253.84698669000028
823,580,1.8,179.69679799999992,7.060111000000005e-08,253.84698669000028
824,580,2.0,179.69679799999992,7.060111000000005e-08,253.84698669000028
825,585,0.0,238.18370199999984,7.688659900000014e-08,241.875050002
826,585,0.2,238.18370199999984,7.688659900000014e-08,241.875050002
827,585,0.4,238.18370199999984,7.688659900000014e-08,241.875050002
828,585,0.6000000000000001,206.53246700000003,7.981366300000005e-08,251.00075000299975
829,585,0.8,206.53246700000003,7.981366300000005e-08,251.00075000299975
830,585,1.0,206.53246700000003,7.981366300000005e-08,251.00075000299975
831,585,1.2000000000000002,198.42860599999997,7.925669800000002e-08,253.03301000599976
832,585,1.4000000000000001,198.42860599999997,7.925669800000002e-08,253.03301000599976
833,585,1.6,179.69679799999992,7.060111000000005e-08,253.84698669000028
834,585,1.8,179.69679799999992,7.060111000000005e-08,253.84698669000028
835,585,2.0,179.69679799999992,7.060111000000005e-08,253.84698669000028
836,590,0.0,238.18370199999984,7.688659900000014e-08,241.875050002
837,590,0.2,238.18370199999984,7.688659900000014e-08,241.875050002
838,590,0.4,238.18370199999984,7.688659900000014e-08,241.875050002
839,590,0.6000000000000001,206.53246700000003,7.981366300000005e-08,251.00075000299975
840,590,0.8,206.53246700000003,7.981366300000005e-08,251.00075000299975
841,590,1.0,206.53246700000003,7.981366300000005e-08,251.00075000299975
842,590,1.2000000000000002,198.42860599999997,7.925669800000002e-08,253.03301000599976
843,590,1.4000000000000001,198.42860599999997,7.925669800000002e-08,253.03301000599976
844,590,1.6,179.69679799999992,7.060111000000005e-08,253.84698669000028
845,590,1.8,179.69679799999992,7.060111000000005e-08,253.84698669000028
846,590,2.0,179.69679799999992,7.060111000000005e-08,253.84698669000028
847,595,0.0,238.18370199999984,7.688659900000014e-08,241.875050002
848,595,0.2,238.18370199999984,7.688659900000014e-08,241.875050002
849,595,0.4,238.18370199999984,7.688659900000014e-08,241.875050002
850,595,0.6000000000000001,206.53246700000003,7.981366300000005e-08,251.00075000299975
851,595,0.8,206.53246700000003,7.981366300000005e-08,251.00075000299975
852,595,1.0,206.53246700000003,7.981366300000005e-08,251.00075000299975
853,595,1.2000000000000002,198.42860599999997,7.925669800000002e-08,253.03301000599976
854,595,1.4000000000000001,198.42860599999997,7.925669800000002e-08,253.03301000599976
855,595,1.6,179.69679799999992,7.060111000000005e-08,253.84698669000028
856,595,1.8,179.69679799999992,7.060111000000005e-08,253.84698669000028
857,595,2.0,179.69679799999992,7.060111000000005e-08,253.84698669000028
858,600,0.0,238.18370199999984,7.688659900000014e-08,241.875050002
859,600,0.2,238.18370199999984,7.688659900000014e-08,241.875050002
860,600,0.4,238.18370199999984,7.688659900000014e-08,241.875050002
861,600,0.6000000000000001,206.53246700000003,7.981366300000005e-08,251.00075000299975
862,600,0.8,206.53246700000003,7.981366300000005e-08,251.00075000299975
863,600,1.0,206.53246700000003,7.981366300000005e-08,251.00075000299975
864,600,1.2000000000000002,198.42860599999997,7.925669800000002e-08,253.03301000599976
865,600,1.4000000000000001,198.42860599999997,7.925669800000002e-08,253.03301000599976
866,600,1.6,179.69679799999992,7.060111000000005e-08,253.84698669000028
867,600,1.8,179.69679799999992,7.060111000000005e-08,253.84698669000028
868,600,2.0,179.69679799999992,7.060111000000005e-08,253.84698669000028
869,605,0.0,238.18370199999984,7.688659900000014e-08,241.875050002
870,605,0.2,238.18370199999984,7.688659900000014e-08,241.875050002
871,605,0.4,238.18370199999984,7.688659900000014e-08,241.875050002
872,605,0.6000000000000001,206.53246700000003,7.981366300000005e-08,251.00075000299975
873,605,0.8,206.53246700000003,7.981366300000005e-08,251.00075000299975
874,605,1.0,206.53246700000003,7.981366300000005e-08,251.00075000299975
875,605,1.2000000000000002,198.42860599999997,7.925669800000002e-08,253.03301000599976
876,605,1.4000000000000001,198.42860599999997,7.925669800000002e-08,253.03301000599976
877,605,1.6,179.69679799999992,7.060111000000005e-08,253.84698669000028
878,605,1.8,179.69679799999992,7.060111000000005e-08,253.84698669000028
879,605,2.0,179.69679799999992,7.060111000000005e-08,253.84698669000028
880,610,0.0,238.18370199999984,7.688659900000014e-08,241.875050002
881,610,0.2,238.18370199999984,7.688659900000014e-08,241.875050002
882,610,0.4,238.18370199999984,7.688659900000014e-08,241.875050002
883,610,0.6000000000000001,206.53246700000003,7.981366300000005e-08,251.00075000299975
884,610,0.8,206.53246700000003,7.981366300000005e-08,251.00075000299975
885,610,1.0,206.53246700000003,7.981366300000005e-08,251.00075000299975
886,610,1.2000000000000002,198.42860599999997,7.925669800000002e-08,253.03301000599976
887,610,1.4000000000000001,198.42860599999997,7.925669800000002e-08,253.03301000599976
888,610,1.6,179.69679799999992,7.060111000000005e-08,253.84698669000028
889,610,1.8,179.69679799999992,7.060111000000005e-08,253.84698669000028
890,610,2.0,179.69679799999992,7.060111000000005e-08,253.84698669000028
891,615,0.0,238.18370199999984,7.688659900000014e-08,241.875050002
892,615,0.2,238.18370199999984,7.688659900000014e-08,241.875050002
893,615,0.4,238.18370199999984,7.688659900000014e-08,241.875050002
894,615,0.6000000000000001,206.53246700000003,7.981366300000005e-08,251.00075000299975
895,615,0.8,206.53246700000003,7.981366300000005e-08,251.00075000299975
896,615,1.0,206.53246700000003,7.981366300000005e-08,251.00075000299975
897,615,1.2000000000000002,198.42860599999997,7.925669800000002e-08,253.03301000599976
898,615,1.4000000000000001,198.42860599999997,7.925669800000002e-08,253.03301000599976
899,615,1.6,179.69679799999992,7.060111000000005e-08,253.84698669000028
900,615,1.8,179.69679799999992,7.060111000000005e-08,253.84698669000028
901,615,2.0,179.69679799999992,7.060111000000005e-08,253.84698669000028
902,620,0.0,238.18370199999984,7.688659900000014e-08,241.875050002
903,620,0.2,238.18370199999984,7.688659900000014e-08,241.875050002
904,620,0.4,238.18370199999984,7.688659900000014e-08,241.875050002
905,620,0.6000000000000001,206.53246700000003,7.981366300000005e-08,251.00075000299975
906,620,0.8,206.53246700000003,7.981366300000005e-08,251.00075000299975
907,620,1.0,206.53246700000003,7.981366300000005e-08,251.00075000299975
908,620,1.2000000000000002,198.42860599999997,7.925669800000002e-08,253.03301000599976
909,620,1.4000000000000001,198.42860599999997,7.925669800000002e-08,253.03301000599976
910,620,1.6,179.69679799999992,7.060111000000005e-08,253.84698669000028
911,620,1.8,179.69679799999992,7.060111000000005e-08,253.84698669000028
912,620,2.0,179.69679799999992,7.060111000000005e-08,253.84698669000028
913,625,0.0,238.18370199999984,7.688659900000014e-08,241.875050002
914,625,0.2,238.18370199999984,7.688659900000014e-08,241.875050002
915,625,0.4,238.18370199999984,7.688659900000014e-08,241.875050002
916,625,0.6000000000000001,206.53246700000003,7.981366300000005e-08,251.00075000299975
917,625,0.8,206.53246700000003,7.981366300000005e-08,251.00075000299975
918,625,1.0,206.53246700000003,7.981366300000005e-08,251.00075000299975
919,625,1.2000000000000002,198.42860599999997,7.925669800000002e-08,253.03301000599976
920,625,1.4000000000000001,198.42860599999997,7.925669800000002e-08,253.03301000599976
921,625,1.6,179.69679799999992,7.060111000000005e-08,253.84698669000028
922,625,1.8,179.69679799999992,7.060111000000005e-08,253.84698669000028
923,625,2.0,179.69679799999992,7.060111000000005e-08,253.84698669000028
924,630,0.0,238.18370199999984,7.688659900000014e-08,241.875050002
925,630,0.2,238.18370199999984,7.688659900000014e-08,241.875050002
926,630,0.4,238.18370199999984,7.688659900000014e-08,241.875050002
927,630,0.6000000000000001,206.53246700000003,7.981366300000005e-08,251.00075000299975
928,630,0.8,206.53246700000003,7.981366300000005e-08,251.00075000299975
929,630,1.0,206.53246700000003,7.981366300000005e-08,251.00075000299975
930,630,1.2000000000000002,198.42860599999997,7.925669800000002e-08,253.03301000599976
931,630,1.4000000000000001,198.42860599999997,7.925669800000002e-08,253.03301000599976
932,630,1.6,179.69679799999992,7.060111000000005e-08,253.84698669000028
933,630,1.8,179.69679799999992,7.060111000000005e-08,253.84698669000028
934,630,2.0,179.69679799999992,7.060111000000005e-08,253.84698669000028
935,635,0.0,238.18370199999984,7.688659900000014e-08,241.875050002
936,635,0.2,238.18370199999984,7.688659900000014e-08,241.875050002
937,635,0.4,238.18370199999984,7.688659900000014e-08,241.875050002
938,635,0.6000000000000001,206.53246700000003,7.981366300000005e-08,251.00075000299975
939,635,0.8,206.53246700000003,7.981366300000005e-08,251.00075000299975
940,635,1.0,206.53246700000003,7.981366300000005e-08,251.00075000299975
941,635,1.2000000000000002,198.42860599999997,7.925669800000002e-08,253.03301000599976
942,635,1.4000000000000001,198.42860599999997,7.925669800000002e-08,253.03301000599976
943,635,1.6,179.69679799999992,7.060111000000005e-08,253.84698669000028
944,635,1.8,179.69679799999992,7.060111000000005e-08,253.84698669000028
945,635,2.0,179.69679799999992,7.060111000000005e-08,253.84698669000028
946,640,0.0,238.18370199999984,7.688659900000014e-08,241.875050002
947,640,0.2,238.18370199999984,7.688659900000014e-08,241.875050002
948,640,0.4,238.18370199999984,7.688659900000014e-08,241.875050002
949,640,0.6000000000000001,206.53246700000003,7.981366300000005e-08,251.00075000299975
950,640,0.8,206.53246700000003,7.981366300000005e-08,251.00075000299975
951,640,1.0,206.53246700000003,7.981366300000005e-08,251.00075000299975
952,640,1.2000000000000002,198.42860599999997,7.925669800000002e-08,253.03301000599976
953,640,1.4000000000000001,198.42860599999997,7.925669800000002e-08,253.03301000599976
954,640,1.6,179.69679799999992,7.060111000000005e-08,253.84698669000028
955,640,1.8,179.69679799999992,7.060111000000005e-08,253.84698669000028
956,640,2.0,179.69679799999992,7.060111000000005e-08,253.84698669000028
957,645,0.0,238.18370199999984,7.688659900000014e-08,241.875050002
958,645,0.2,238.18370199999984,7.688659900000014e-08,241.875050002
959,645,0.4,238.18370199999984,7.688659900000014e-08,241.875050002
960,645,0.6000000000000001,206.53246700000003,7.981366300000005e-08,251.00075000299975
961,645,0.8,206.53246700000003,7.981366300000005e-08,251.00075000299975
962,645,1.0,206.53246700000003,7.981366300000005e-08,251.00075000299975
963,645,1.2000000000000002,198.42860599999997,7.925669800000002e-08,253.03301000599976
964,645,1.4000000000000001,198.42860599999997,7.925669800000002e-08,253.03301000599976
965,645,1.6,179.69679799999992,7.060111000000005e-08,253.84698669000028
966,645,1.8,179.69679799999992,7.060111000000005e-08,253.84698669000028
967,645,2.0,179.69679799999992,7.060111000000005e-08,253.84698669000028
968,650,0.0,238.18370199999984,7.688659900000014e-08,241.875050002
969,650,0.2,238.18370199999984,7.688659900000014e-08,241.875050002
970,650,0.4,238.18370199999984,7.688659900000014e-08,241.875050002
971,650,0.6000000000000001,206.53246700000003,7.981366300000005e-08,251.00075000299975
972,650,0.8,206.53246700000003,7.981366300000005e-08,251.00075000299975
973,650,1.0,206.53246700000003,7.981366300000005e-08,251.00075000299975
974,650,1.2000000000000002,198.42860599999997,7.925669800000002e-08,253.03301000599976
975,650,1.4000000000000001,198.42860599999997,7.925669800000002e-08,253.03301000599976
976,650,1.6,179.69679799999992,7.060111000000005e-08,253.84698669000028
977,650,1.8,179.69679799999992,7.060111000000005e-08,253.84698669000028
978,650,2.0,179.69679799999992,7.060111000000005e-08,253.84698669000028
979,655,0.0,238.18370199999984,7.688659900000014e-08,241.875050002
980,655,0.2,238.18370199999984,7.688659900000014e-08,241.875050002
981,655,0.4,238.18370199999984,7.688659900000014e-08,241.875050002
982,655,0.6000000000000001,206.53246700000003,7.981366300000005e-08,251.00075000299975
983,655,0.8,206.53246700000003,7.981366300000005e-08,251.00075000299975
984,655,1.0,206.53246700000003,7.981366300000005e-08,251.00075000299975
985,655,1.2000000000000002,198.42860599999997,7.925669800000002e-08,253.03301000599976
986,655,1.4000000000000001,198.42860599999997,7.925669800000002e-08,253.03301000599976
987,655,1.6,179.69679799999992,7.060111000000005e-08,253.84698669000028
988,655,1.8,179.69679799999992,7.060111000000005e-08,253.84698669000028
989,655,2.0,179.69679799999992,7.060111000000005e-08,253.84698669000028
990,660,0.0,238.18370199999984,7.688659900000014e-08,241.875050002
991,660,0.2,238.18370199999984,7.688659900000014e-08,241.875050002
992,660,0.4,238.18370199999984,7.688659900000014e-08,241.875050002
993,660,0.6000000000000001,206.53246700000003,7.981366300000005e-08,251.00075000299975
994,660,0.8,206.53246700000003,7.981366300000005e-08,251.00075000299975
995,660,1.0,206.53246700000003,7.981366300000005e-08,251.00075000299975
996,660,1.2000000000000002,198.42860599999997,7.925669800000002e-08,253.03301000599976
997,660,1.4000000000000001,198.42860599999997,7.925669800000002e-08,253.03301000599976
998,660,1.6,179.69679799999992,7.060111000000005e-08,253.84698669000028
999,660,1.8,179.69679799999992,7.060111000000005e-08,253.84698669000028
1000,660,2.0,179.69679799999992,7.060111000000005e-08,253.84698669000028
1001,665,0.0,238.18370199999984,7.688659900000014e-08,241.875050002
1002,665,0.2,238.18370199999984,7.688659900000014e-08,241.875050002
1003,665,0.4,238.18370199999984,7.688659900000014e-08,241.875050002
1004,665,0.6000000000000001,206.53246700000003,7.981366300000005e-08,251.00075000299975
1005,665,0.8,206.53246700000003,7.981366300000005e-08,251.00075000299975
1006,665,1.0,206.53246700000003,7.981366300000005e-08,251.00075000299975
1007,665,1.2000000000000002,198.42860599999997,7.925669800000002e-08,253.03301000599976
1008,665,1.4000000000000001,198.42860599999997,7.925669800000002e-08,253.03301000599976
1009,665,1.6,179.69679799999992,7.060111000000005e-08,253.84698669000028
1010,665,1.8,179.69679799999992,7.060111000000005e-08,253.84698669000028
1011,665,2.0,179.69679799999992,7.060111000000005e-08,253.84698669000028
